algorithm,mean_final_regret
UCB1,104.43333333333845
Epsilon-Greedy,12.399999999995998
